mean_fit_time,std_fit_time,mean_score_time,std_score_time,param_model__fit_intercept,params,split0_test_score,split1_test_score,split2_test_score,split3_test_score,split4_test_score,mean_test_score,std_test_score,rank_test_score,model,param_model__alpha,param_model__subsample,param_model__reg_lambda,param_model__reg_alpha,param_model__n_estimators,param_model__min_child_weight,param_model__max_depth,param_model__learning_rate,param_model__gamma,param_model__colsample_bytree
0.03816342353820801,0.007150383014786511,0.013837432861328125,0.002963662780370223,True,{'model__fit_intercept': True},0.0,-4.147705730386038,-0.31023568080650854,-0.7827473578644288,0.0,-1.048137753811395,1.5760354485189991,1,LinearRegression,,,,,,,,,,
0.03094339370727539,0.008887647983014271,0.010769891738891601,0.0029925672594145847,False,{'model__fit_intercept': False},0.0,-4.282414089259299,-0.3466500981221776,-0.7402658346904225,0.0,-1.0738660044143797,1.627346874593124,2,LinearRegression,,,,,,,,,,
0.016556453704833985,0.0006522349295271187,0.006940793991088867,0.00045300823494363683,,{'model__alpha': np.float64(70.62469660772491)},0.0,-3.4810463798301674,-0.18376410419039746,-0.952407578149681,0.0,-0.9234436124340493,1.3262573515504692,13,Ridge,70.62469660772491,,,,,,,,,
0.020239830017089844,0.005053597149296425,0.0069634437561035155,0.0011335074245735688,,{'model__alpha': np.float64(8.849927424618217)},0.0,-3.972280197575258,-0.27732256727432203,-0.7928166254862845,0.0,-1.008483878067173,1.5099190252731163,44,Ridge,8.849927424618217,,,,,,,,,
0.020127344131469726,0.00499265604309279,0.00843348503112793,0.0020920446826794806,,{'model__alpha': np.float64(46.19833983890801)},0.0,-3.587450553170834,-0.20501189327642244,-0.8824059477769106,0.0,-0.9349736788448334,1.365254020601248,27,Ridge,46.19833983890801,,,,,,,,,
0.022127246856689452,0.004417417273310889,0.008866262435913087,0.0022870799376875075,,{'model__alpha': np.float64(50.65423286126949)},0.0,-3.5628373502397626,-0.2002274939689841,-0.8950749712093562,0.0,-0.9316279630836206,1.3561273487171728,23,Ridge,50.65423286126949,,,,,,,,,
0.017608213424682616,0.0028272810295684003,0.008003330230712891,0.0015727824646883735,,{'model__alpha': np.float64(0.932846276134011)},0.0,-4.126694784499152,-0.3062683841325009,-0.7834287468880323,0.0,-1.0432783831039372,1.5681212864904528,50,Ridge,0.932846276134011,,,,,,,,,
0.01930966377258301,0.005021537095200355,0.008716058731079102,0.0015615568239868607,,{'model__alpha': np.float64(56.99993496505773)},0.0,-3.5323069113363594,-0.19420775858180628,-0.9132727288782025,0.0,-0.9279574797592737,1.3448754905547728,20,Ridge,56.99993496505773,,,,,,,,,
0.01863265037536621,0.0014066097602393828,0.006967353820800781,0.0008235672847961848,,{'model__alpha': np.float64(95.6377700164099)},0.0,-3.4213624558754328,-0.1704422913776753,-1.0223077583148505,0.0,-0.9228225011135918,1.3055173640413258,9,Ridge,95.6377700164099,,,,,,,,,
0.01931166648864746,0.0028651607036984886,0.007928133010864258,0.0013992300096615751,,{'model__alpha': np.float64(4.8885230421562085)},0.0,-4.044539178225993,-0.29083122265698536,-0.7873695214499483,0.0,-1.0245479844665852,1.5371621817630536,45,Ridge,4.8885230421562085,,,,,,,,,
0.017431259155273438,0.0007072992127775986,0.00668487548828125,0.0008316916645945305,,{'model__alpha': np.float64(89.85248848766258)},0.0,-3.432212473795815,-0.17303099892190033,-1.0064785650030657,0.0,-0.9223444075441563,1.3091543272691897,5,Ridge,89.85248848766258,,,,,,,,,
0.015286779403686524,0.0012230194418743352,0.006751871109008789,0.0013577555273418635,,{'model__alpha': np.float64(90.87347811301197)},0.0,-3.4301893048225907,-0.17255631238922953,-1.0092888330587222,0.0,-0.9224068900541085,1.3084697888988674,6,Ridge,90.87347811301197,,,,,,,,,
0.02269158363342285,0.0030866940861259476,0.009453678131103515,0.0011123311183103392,,{'model__alpha': np.float64(58.9932324709699)},0.0,-3.5236849550111975,-0.19248580495076606,-0.9190067382808476,0.0,-0.9270354996485622,1.3417157481554813,18,Ridge,58.9932324709699,,,,,,,,,
0.021563005447387696,0.0033980521393682166,0.008688974380493163,0.0006780742658986686,,{'model__alpha': np.float64(27.10089661872391)},0.0,-3.73354053307966,-0.2327491904779424,-0.8309520989006689,0.0,-0.9594483644916544,1.4199487785026448,34,Ridge,27.10089661872391,,,,,,,,,
0.023842763900756837,0.003351543164631427,0.009176397323608398,0.002138845052822079,,{'model__alpha': np.float64(12.095248621235719)},0.0,-3.919542281612479,-0.26748509633246,-0.7982199989282515,0.0,-0.9970494753746382,1.4900320036209127,43,Ridge,12.095248621235719,,,,,,,,,
0.019793224334716798,0.002737635112803553,0.007468748092651367,0.0008933070859748511,,{'model__alpha': np.float64(13.562879055304508)},0.0,-3.8974016222062113,-0.26335743556255364,-0.8009051462636358,0.0,-0.9923328408064801,1.4816830472296005,40,Ridge,13.562879055304508,,,,,,,,,
0.022643470764160158,0.002267653221769705,0.007941770553588866,0.0006348305814260399,,{'model__alpha': np.float64(34.963695004916715)},0.0,-3.6640474039788797,-0.2196536558886648,-0.8513412540153613,0.0,-0.9470084627765811,1.3938542172756632,31,Ridge,34.963695004916715,,,,,,,,,
0.020442867279052736,0.0037558267711323232,0.00773463249206543,0.0011186841155599117,,{'model__alpha': np.float64(46.63444700865108)},0.0,-3.5849137735044643,-0.2045210887161013,-0.8836399607271797,0.0,-0.9346149645895491,1.3643115156892833,26,Ridge,46.63444700865108,,,,,,,,,
0.022930097579956055,0.004823336286998665,0.00919342041015625,0.001990902760731622,,{'model__alpha': np.float64(4.104122910916938)},0.0,-4.059986086608448,-0.29372601017823285,-0.7864605145956896,0.0,-1.028034522276474,1.5429845908865345,46,Ridge,4.104122910916938,,,,,,,,,
0.01997690200805664,0.0026598579109949794,0.00827183723449707,0.001409357328690538,,{'model__alpha': np.float64(13.470416535747429)},0.0,-3.8987668853260518,-0.26361194663355847,-0.8007318676465602,0.0,-0.9926221399212342,1.4821978575803325,41,Ridge,13.470416535747429,,,,,,,,,
0.02040548324584961,0.0028563902119002342,0.008237409591674804,0.0011524465510354515,,{'model__alpha': np.float64(56.45741588840081)},0.0,-3.5347292940064294,-0.19468960287067594,-0.9117128971035622,0.0,-0.9282263587961335,1.3457648207839632,21,Ridge,56.45741588840081,,,,,,,,,
0.020138978958129883,0.0026358104393493,0.007984209060668945,0.001201649340210727,,{'model__alpha': np.float64(31.958721115438756)},0.0,-3.688817418489127,-0.22433584248166238,-0.843374317760679,0.0,-0.9513055157462936,1.403144314429733,32,Ridge,31.958721115438756,,,,,,,,,
0.019386100769042968,0.003129772424651662,0.007696533203125,0.0014373749795076542,,{'model__alpha': np.float64(81.34439387310024)},0.0,-3.45110335660155,-0.17732381053261514,-0.9828007834024883,0.0,-0.9222455901073306,1.3156573147459594,3,Ridge,81.34439387310024,,,,,,,,,
0.017937517166137694,0.0020740269933553364,0.006819629669189453,0.0007925230183325727,,{'model__alpha': np.float64(69.76306272826687)},0.0,-3.4838054072089486,-0.18434156531327206,-0.949943640293577,0.0,-0.9236181225631596,1.327246975215931,15,Ridge,69.76306272826687,,,,,,,,,
0.022130537033081054,0.00263636292972377,0.009135580062866211,0.0010665149664484906,,{'model__alpha': np.float64(13.260569770883887)},0.0,-3.901879961767504,-0.26419228688954144,-0.8003406174861061,0.0,-0.9932825732286302,1.4833717371646462,42,Ridge,13.260569770883887,,,,,,,,,
0.024336576461791992,0.0029344434624770017,0.010332965850830078,0.00031676305698803724,,{'model__alpha': np.float64(22.554956436547755)},0.0,-3.7814142370983745,-0.24171530036308964,-0.819981229443536,0.0,-0.9686221533810002,1.4379669506283799,35,Ridge,22.554956436547755,,,,,,,,,
0.024495553970336915,0.003563241628856181,0.009362411499023438,0.001392078022356708,,{'model__alpha': np.float64(15.623238218408538)},0.0,-3.867968428433027,-0.2578703439191945,-0.8049015641592765,0.0,-0.9861480673022995,1.470585145606565,39,Ridge,15.623238218408538,,,,,,,,,
0.025374889373779297,0.003072921577587188,0.010041952133178711,0.0006816038504399376,,{'model__alpha': np.float64(30.896058907760967)},0.0,-3.6980843281228566,-0.2260829692630022,-0.8406046587153702,0.0,-0.9529543912202458,1.406623406631846,33,Ridge,30.896058907760967,,,,,,,,,
0.02398533821105957,0.0016243656835564153,0.008724451065063477,0.0014916403413564243,,{'model__alpha': np.float64(72.98215600244436)},0.0,-3.4737851358552225,-0.18223317126017013,-0.9591354106269792,0.0,-0.9230307435484744,1.3236618954277233,11,Ridge,72.98215600244436,,,,,,,,,
0.02137598991394043,0.004830284752587426,0.0077803611755371095,0.0013193795804511165,,{'model__alpha': np.float64(2.6601266559510535)},0.0,-4.089489040946059,-0.29926407250913445,-0.7849479811546136,0.0,-1.0347402189219614,1.5541033640628945,48,Ridge,2.6601266559510535,,,,,,,,,
0.018356895446777342,0.004342896701122388,0.007165861129760742,0.0016972910398032797,,{'model__alpha': np.float64(20.268327848668996)},0.0,-3.8080092380525503,-0.24668445985786236,-0.8147593043664179,0.0,-0.973890600455366,1.4479852068031642,36,Ridge,20.268327848668996,,,,,,,,,
0.024564170837402345,0.0013568096521104466,0.010015726089477539,0.00045348163899636975,,{'model__alpha': np.float64(94.74890372210886)},0.0,-3.4229355156916164,-0.17082460057197135,-1.0198909133489105,0.0,-0.9227302059224997,1.3060391188066602,8,Ridge,94.74890372210886,,,,,,,,,
0.023735809326171874,0.002969613220239348,0.009496784210205078,0.0013583928252970609,,{'model__alpha': np.float64(49.673359790247)},0.0,-3.5680142805909316,-0.20123820769412593,-0.8922758175991712,0.0,-0.9323056611768458,1.3580434181643133,25,Ridge,49.673359790247,,,,,,,,,
0.02383561134338379,0.0036995768488479646,0.010474729537963866,0.002452207892008864,,{'model__alpha': np.float64(35.24958294836795)},0.0,-3.661796140745988,-0.21922712218959917,-0.8521086882539197,0.0,-0.9466263902379014,1.3930106324511213,30,Ridge,35.24958294836795,,,,,,,,,
0.02403559684753418,0.004035168632015608,0.009668111801147461,0.0017098088024139725,,{'model__alpha': np.float64(16.048901157349558)},0.0,-3.8621162436321868,-0.2567792040991388,-0.8057580995004467,0.0,-0.9849307094463546,1.4683787686999195,38,Ridge,16.048901157349558,,,,,,,,,
0.024989557266235352,0.006687262613460129,0.011588335037231445,0.006815540255102378,,{'model__alpha': np.float64(57.40413985142933)},0.0,-3.5305234919065303,-0.19385248278106126,-0.914435155075668,0.0,-0.9277622259526519,1.3442211741599241,19,Ridge,57.40413985142933,,,,,,,,,
0.022396326065063477,0.008687479673043608,0.00703120231628418,0.0013817600781738776,,{'model__alpha': np.float64(2.3077317269805304)},0.0,-4.096906173935198,-0.30065846974661015,-0.7846117209623358,0.0,-1.0364352729288289,1.5568982555886506,49,Ridge,2.3077317269805304,,,,,,,,,
0.019037914276123048,0.004748623130224437,0.007974720001220703,0.0021580657870869753,,{'model__alpha': np.float64(3.7269913331100386)},0.0,-4.067555985454599,-0.2951457691007944,-0.7860450248196911,0.0,-1.0297493558750168,1.5458376901372513,47,Ridge,3.7269913331100386,,,,,,,,,
0.020332193374633788,0.0039053649005528373,0.00874028205871582,0.0009533622302580003,,{'model__alpha': np.float64(97.76743334323076)},0.0,-3.41772373379605,-0.16954758002921455,-1.0280752802115858,0.0,-0.9230693188073701,1.3043186610342732,12,Ridge,97.76743334323076,,,,,,,,,
0.02489023208618164,0.0019761886205818388,0.009708261489868164,0.00028814412129027063,,{'model__alpha': np.float64(69.89319982926766)},0.0,-3.483384990429304,-0.1842537154639754,-0.9503159397103444,0.0,-0.9235909291207246,1.3270960618363374,14,Ridge,69.89319982926766,,,,,,,,,
0.018288183212280273,0.0010710342298971111,0.00790557861328125,0.0009368817876779584,,{'model__alpha': np.float64(77.96959200488033)},0.0,-3.459715792085916,-0.17921373943477992,-0.973291579009242,0.0,-0.9224442221059876,1.3186759048149455,7,Ridge,77.96959200488033,,,,,,,,,
0.021824359893798828,0.0014644064675879622,0.008517217636108399,0.000398155355151028,,{'model__alpha': np.float64(66.70386564047031)},0.0,-3.4940818033285685,-0.18647401446361167,-0.9411773774315126,0.0,-0.9243466390447386,1.3309478965492476,17,Ridge,66.70386564047031,,,,,,,,,
0.02037334442138672,0.004380833668584617,0.007835483551025391,0.0016125828772572588,,{'model__alpha': np.float64(18.914974325638607)},0.0,-3.8246215388702876,-0.24978548303143677,-0.8117767847817741,0.0,-0.9772367613366996,1.4542452209235692,37,Ridge,18.914974325638607,,,,,,,,,
0.01698336601257324,0.0037084989711493764,0.007126569747924805,0.0016305604303074217,,{'model__alpha': np.float64(49.88859422159643)},0.0,-3.5668670618741736,-0.2010144495706172,-0.8928896086625211,0.0,-0.9321542240214622,1.357618636618643,24,Ridge,49.88859422159643,,,,,,,,,
0.02203817367553711,0.00394898456976381,0.009735822677612305,0.000938323947364971,,{'model__alpha': np.float64(83.69233516215134)},0.0,-3.4455057155484106,-0.17607507994406846,-0.9893792491077906,0.0,-0.9221920089200539,1.3137117538972656,1,Ridge,83.69233516215134,,,,,,,,,
0.023554277420043946,0.00191731154866556,0.009627532958984376,0.0005234052628262648,,{'model__alpha': np.float64(88.83676868588717)},0.0,-3.4342738725258295,-0.17351127673453637,-1.0036759009535352,0.0,-0.9222922100427802,1.309854488505843,4,Ridge,88.83676868588717,,,,,,,,,
0.02215719223022461,0.002985435216544375,0.009176683425903321,0.0012549223131461883,,{'model__alpha': np.float64(73.83576992473674)},0.0,-3.4712561084062212,-0.18169588011144122,-0.9615661357594849,0.0,-0.9229036248554294,1.3227612250576402,10,Ridge,73.83576992473674,,,,,,,,,
0.023771333694458007,0.002205615269398914,0.010119771957397461,0.0008013908568445624,,{'model__alpha': np.float64(45.658243651936836)},0.0,-3.590632621265364,-0.20562686990904044,-0.8808797888473678,0.0,-0.9354278560043545,1.3664368162471938,28,Ridge,45.658243651936836,,,,,,,,,
0.02651524543762207,0.0022125708024325007,0.010027885437011719,0.0016088071412459874,,{'model__alpha': np.float64(83.24699386807939)},0.0,-3.446543666233615,-0.17630795453009496,-0.9881339594050287,0.0,-0.9221971160337479,1.3140714482637759,2,Ridge,83.24699386807939,,,,,,,,,
0.023874711990356446,0.003666648917753355,0.009997272491455078,0.0029219892153823793,,{'model__alpha': np.float64(37.53938893455042)},0.0,-3.6443863634955225,-0.2159222194129211,-0.8583079803409124,0.0,-0.9437233126498711,1.386491868435656,29,Ridge,37.53938893455042,,,,,,,,,
0.026014423370361327,0.001350525862873323,0.009841632843017579,0.0012039895140204821,,{'model__alpha': np.float64(67.1113068762987)},0.0,-3.492668468474002,-0.18618234951577595,-0.9423463737622844,0.0,-0.9242394383504123,1.3304375888462594,16,Ridge,67.1113068762987,,,,,,,,,
0.02112612724304199,0.0023469191669184116,0.006877994537353516,0.00163629907920352,,{'model__alpha': np.float64(52.50105961938664)},0.0,-3.5534371737515134,-0.19838544568540506,-0.9003575745521954,0.0,-0.9304360387978228,1.3526537016874298,22,Ridge,52.50105961938664,,,,,,,,,
0.02155914306640625,0.008628458772835627,0.008564138412475586,0.00284986428554177,,{'model__alpha': np.float64(6.086837970214009)},0.0,-4.7999626753239175,-0.012794342592588714,-4.656218815608644,0.0,-1.89379516670503,2.314643746728918,1,Lasso,6.086837970214009,,,,,,,,,
0.029764413833618164,0.010872091615578972,0.009501886367797852,0.0016438582176008978,,{'model__alpha': np.float64(9.019233917152793)},0.0,-4.7999626753239175,-0.012794342592588714,-4.656218815608644,0.0,-1.89379516670503,2.314643746728918,1,Lasso,9.019233917152793,,,,,,,,,
0.023815441131591796,0.0012065977507932659,0.008298301696777343,0.0011296163544749474,,{'model__alpha': np.float64(8.860786960008713)},0.0,-4.7999626753239175,-0.012794342592588714,-4.656218815608644,0.0,-1.89379516670503,2.314643746728918,1,Lasso,8.860786960008713,,,,,,,,,
0.016691017150878906,0.0005022186810926222,0.00690617561340332,0.0016388762756286389,,{'model__alpha': np.float64(4.115317968001719)},0.0,-4.7999626753239175,-0.012794342592588714,-4.656218815608644,0.0,-1.89379516670503,2.314643746728918,1,Lasso,4.115317968001719,,,,,,,,,
0.01702847480773926,0.0027733988907373435,0.006180858612060547,0.000115037851379612,,{'model__alpha': np.float64(2.335030872996246)},0.0,-4.7999626753239175,-0.012794342592588714,-4.656218815608644,0.0,-1.89379516670503,2.314643746728918,1,Lasso,2.335030872996246,,,,,,,,,
0.016062211990356446,0.0011544569850261762,0.006045341491699219,0.00027808842997508425,,{'model__alpha': np.float64(8.659651915469851)},0.0,-4.7999626753239175,-0.012794342592588714,-4.656218815608644,0.0,-1.89379516670503,2.314643746728918,1,Lasso,8.659651915469851,,,,,,,,,
0.022455930709838867,0.004404834376646238,0.00798344612121582,0.0008043715268049067,,{'model__alpha': np.float64(5.108372323267612)},0.0,-4.7999626753239175,-0.012794342592588714,-4.656218815608644,0.0,-1.89379516670503,2.314643746728918,1,Lasso,5.108372323267612,,,,,,,,,
0.01711239814758301,0.0022773327965450864,0.007239389419555664,0.0010720318846733177,,{'model__alpha': np.float64(2.514012161444801)},0.0,-4.7999626753239175,-0.012794342592588714,-4.656218815608644,0.0,-1.89379516670503,2.314643746728918,1,Lasso,2.514012161444801,,,,,,,,,
0.016831159591674805,0.0008862101008247702,0.0075018882751464845,0.0013220415630900598,,{'model__alpha': np.float64(6.390833571707525)},0.0,-4.7999626753239175,-0.012794342592588714,-4.656218815608644,0.0,-1.89379516670503,2.314643746728918,1,Lasso,6.390833571707525,,,,,,,,,
0.019996786117553712,0.005221778210241318,0.008150386810302734,0.0015539144143959416,,{'model__alpha': np.float64(4.303523420101065)},0.0,-4.7999626753239175,-0.012794342592588714,-4.656218815608644,0.0,-1.89379516670503,2.314643746728918,1,Lasso,4.303523420101065,,,,,,,,,
0.01917724609375,0.0035413540621895604,0.007810544967651367,0.0014961356413533908,,{'model__alpha': np.float64(5.730163143288121)},0.0,-4.7999626753239175,-0.012794342592588714,-4.656218815608644,0.0,-1.89379516670503,2.314643746728918,1,Lasso,5.730163143288121,,,,,,,,,
0.018619060516357422,0.0009053823537425169,0.008460426330566406,0.000814070155153492,,{'model__alpha': np.float64(7.463004569613664)},0.0,-4.7999626753239175,-0.012794342592588714,-4.656218815608644,0.0,-1.89379516670503,2.314643746728918,1,Lasso,7.463004569613664,,,,,,,,,
0.020778846740722657,0.002162381244472468,0.009467220306396485,0.0014261276912922963,,{'model__alpha': np.float64(7.11175150795757)},0.0,-4.7999626753239175,-0.012794342592588714,-4.656218815608644,0.0,-1.89379516670503,2.314643746728918,1,Lasso,7.11175150795757,,,,,,,,,
0.019988870620727538,0.0017080932834156806,0.007942867279052735,0.0011884904636654515,,{'model__alpha': np.float64(3.962801992144208)},0.0,-4.7999626753239175,-0.012794342592588714,-4.656218815608644,0.0,-1.89379516670503,2.314643746728918,1,Lasso,3.962801992144208,,,,,,,,,
0.020996999740600587,0.004204747723353586,0.007569217681884765,0.0012625291069312534,,{'model__alpha': np.float64(6.887970023586247)},0.0,-4.7999626753239175,-0.012794342592588714,-4.656218815608644,0.0,-1.89379516670503,2.314643746728918,1,Lasso,6.887970023586247,,,,,,,,,
0.018466758728027343,0.0035469811117191203,0.008190488815307618,0.0012933969724017679,,{'model__alpha': np.float64(5.694553806028249)},0.0,-4.7999626753239175,-0.012794342592588714,-4.656218815608644,0.0,-1.89379516670503,2.314643746728918,1,Lasso,5.694553806028249,,,,,,,,,
0.022325420379638673,0.0039006341439414543,0.008997964859008788,0.0020459278676595908,,{'model__alpha': np.float64(6.373474732603904)},0.0,-4.7999626753239175,-0.012794342592588714,-4.656218815608644,0.0,-1.89379516670503,2.314643746728918,1,Lasso,6.373474732603904,,,,,,,,,
0.02137908935546875,0.004217294365762269,0.009077215194702148,0.0015441595842536353,,{'model__alpha': np.float64(7.440455256398612)},0.0,-4.7999626753239175,-0.012794342592588714,-4.656218815608644,0.0,-1.89379516670503,2.314643746728918,1,Lasso,7.440455256398612,,,,,,,,,
0.0244964599609375,0.0028749019890709085,0.00965118408203125,0.0008163941365360676,,{'model__alpha': np.float64(5.124892388144988)},0.0,-4.7999626753239175,-0.012794342592588714,-4.656218815608644,0.0,-1.89379516670503,2.314643746728918,1,Lasso,5.124892388144988,,,,,,,,,
0.022696256637573242,0.0031134929159284527,0.009250402450561523,0.0015713608900651758,,{'model__alpha': np.float64(6.101603955998673)},0.0,-4.7999626753239175,-0.012794342592588714,-4.656218815608644,0.0,-1.89379516670503,2.314643746728918,1,Lasso,6.101603955998673,,,,,,,,,
0.024050092697143553,0.003965665323234123,0.008295154571533203,0.0021636048625170825,,{'model__alpha': np.float64(7.116025983294335)},0.0,-4.7999626753239175,-0.012794342592588714,-4.656218815608644,0.0,-1.89379516670503,2.314643746728918,1,Lasso,7.116025983294335,,,,,,,,,
0.018796396255493165,0.0035651534905065878,0.007695341110229492,0.000992233468111774,,{'model__alpha': np.float64(0.254298959973686)},0.0,-4.7999626753239175,-0.012794342592588714,-4.656218815608644,0.0,-1.89379516670503,2.314643746728918,1,Lasso,0.254298959973686,,,,,,,,,
0.017179250717163086,0.0017302606581653293,0.0068490028381347655,0.00048258939184974293,,{'model__alpha': np.float64(3.2165786567147654)},0.0,-4.7999626753239175,-0.012794342592588714,-4.656218815608644,0.0,-1.89379516670503,2.314643746728918,1,Lasso,3.2165786567147654,,,,,,,,,
0.017510223388671874,0.0021641631126802525,0.007544660568237304,0.0013829496724549729,,{'model__alpha': np.float64(5.509277579024197)},0.0,-4.7999626753239175,-0.012794342592588714,-4.656218815608644,0.0,-1.89379516670503,2.314643746728918,1,Lasso,5.509277579024197,,,,,,,,,
0.017839479446411132,0.0010531277777718982,0.0072253704071044925,0.0005805975308396303,,{'model__alpha': np.float64(3.254642574293046)},0.0,-4.7999626753239175,-0.012794342592588714,-4.656218815608644,0.0,-1.89379516670503,2.314643746728918,1,Lasso,3.254642574293046,,,,,,,,,
0.020491933822631835,0.002404971750125592,0.008093452453613282,0.0009927059386862012,,{'model__alpha': np.float64(9.52891077756671)},0.0,-4.7999626753239175,-0.012794342592588714,-4.656218815608644,0.0,-1.89379516670503,2.314643746728918,1,Lasso,9.52891077756671,,,,,,,,,
0.02274470329284668,0.0005359450986512767,0.009082841873168945,0.0001842243806797445,,{'model__alpha': np.float64(7.564679032036549)},0.0,-4.7999626753239175,-0.012794342592588714,-4.656218815608644,0.0,-1.89379516670503,2.314643746728918,1,Lasso,7.564679032036549,,,,,,,,,
0.019190216064453126,0.0023727631912913976,0.008037853240966796,0.0014999662793482047,,{'model__alpha': np.float64(2.6215066837303764)},0.0,-4.7999626753239175,-0.012794342592588714,-4.656218815608644,0.0,-1.89379516670503,2.314643746728918,1,Lasso,2.6215066837303764,,,,,,,,,
0.022607183456420897,0.004909999137870578,0.009080839157104493,0.0022051852142123776,,{'model__alpha': np.float64(0.89696159526572)},0.0,-4.7999626753239175,-0.012794342592588714,-4.656218815608644,0.0,-1.89379516670503,2.314643746728918,1,Lasso,0.89696159526572,,,,,,,,,
0.018207263946533204,0.0011883129884761158,0.00718984603881836,0.0005634624439054621,,{'model__alpha': np.float64(1.4003790376439644)},0.0,-4.7999626753239175,-0.012794342592588714,-4.656218815608644,0.0,-1.89379516670503,2.314643746728918,1,Lasso,1.4003790376439644,,,,,,,,,
0.019632577896118164,0.00236234911121993,0.008173561096191407,0.0011806380054953777,,{'model__alpha': np.float64(3.0684205270260043)},0.0,-4.7999626753239175,-0.012794342592588714,-4.656218815608644,0.0,-1.89379516670503,2.314643746728918,1,Lasso,3.0684205270260043,,,,,,,,,
0.021079158782958983,0.0028429628435984594,0.008623504638671875,0.0012749113747205609,,{'model__alpha': np.float64(9.198363562169316)},0.0,-4.7999626753239175,-0.012794342592588714,-4.656218815608644,0.0,-1.89379516670503,2.314643746728918,1,Lasso,9.198363562169316,,,,,,,,,
0.021453094482421876,0.003491657568632894,0.008818340301513673,0.0019808540172574,,{'model__alpha': np.float64(3.2142853685810198)},0.0,-4.7999626753239175,-0.012794342592588714,-4.656218815608644,0.0,-1.89379516670503,2.314643746728918,1,Lasso,3.2142853685810198,,,,,,,,,
0.01884908676147461,0.002816185260885215,0.006660079956054688,0.0005141647672967199,,{'model__alpha': np.float64(2.210531482597879)},0.0,-4.7999626753239175,-0.012794342592588714,-4.656218815608644,0.0,-1.89379516670503,2.314643746728918,1,Lasso,2.210531482597879,,,,,,,,,
0.018886613845825195,0.002329721769537716,0.0070189952850341795,0.001383697412241743,,{'model__alpha': np.float64(1.3859165649648235)},0.0,-4.7999626753239175,-0.012794342592588714,-4.656218815608644,0.0,-1.89379516670503,2.314643746728918,1,Lasso,1.3859165649648235,,,,,,,,,
0.018761920928955077,0.002442878229108345,0.007813262939453124,0.001353729551335977,,{'model__alpha': np.float64(5.912972177868262)},0.0,-4.7999626753239175,-0.012794342592588714,-4.656218815608644,0.0,-1.89379516670503,2.314643746728918,1,Lasso,5.912972177868262,,,,,,,,,
0.01851954460144043,0.000406684055189782,0.007958412170410156,0.0006882257622447856,,{'model__alpha': np.float64(1.151586119057512)},0.0,-4.7999626753239175,-0.012794342592588714,-4.656218815608644,0.0,-1.89379516670503,2.314643746728918,1,Lasso,1.151586119057512,,,,,,,,,
0.020131015777587892,0.003499947830312195,0.00892033576965332,0.0012415603918272834,,{'model__alpha': np.float64(4.503369069695706)},0.0,-4.7999626753239175,-0.012794342592588714,-4.656218815608644,0.0,-1.89379516670503,2.314643746728918,1,Lasso,4.503369069695706,,,,,,,,,
0.02271409034729004,0.0023745106289058465,0.00925912857055664,0.0011847324073769993,,{'model__alpha': np.float64(6.860511930257481)},0.0,-4.7999626753239175,-0.012794342592588714,-4.656218815608644,0.0,-1.89379516670503,2.314643746728918,1,Lasso,6.860511930257481,,,,,,,,,
0.01895298957824707,0.004144005338918382,0.007290077209472656,0.0010888402341064068,,{'model__alpha': np.float64(6.724981532926171)},0.0,-4.7999626753239175,-0.012794342592588714,-4.656218815608644,0.0,-1.89379516670503,2.314643746728918,1,Lasso,6.724981532926171,,,,,,,,,
0.017891788482666017,0.002483164777885164,0.006612634658813477,0.0008832035279733415,,{'model__alpha': np.float64(9.256456721868124)},0.0,-4.7999626753239175,-0.012794342592588714,-4.656218815608644,0.0,-1.89379516670503,2.314643746728918,1,Lasso,9.256456721868124,,,,,,,,,
0.01656684875488281,0.00281745140387934,0.00631256103515625,0.0012160948049636405,,{'model__alpha': np.float64(4.179659048654178)},0.0,-4.7999626753239175,-0.012794342592588714,-4.656218815608644,0.0,-1.89379516670503,2.314643746728918,1,Lasso,4.179659048654178,,,,,,,,,
0.020007801055908204,0.003410240531002631,0.008504581451416016,0.001472364179811687,,{'model__alpha': np.float64(7.700005257015817)},0.0,-4.7999626753239175,-0.012794342592588714,-4.656218815608644,0.0,-1.89379516670503,2.314643746728918,1,Lasso,7.700005257015817,,,,,,,,,
0.026329708099365235,0.0031364756693406846,0.011773014068603515,0.002000727646178966,,{'model__alpha': np.float64(6.6318254726907995)},0.0,-4.7999626753239175,-0.012794342592588714,-4.656218815608644,0.0,-1.89379516670503,2.314643746728918,1,Lasso,6.6318254726907995,,,,,,,,,
0.023450756072998048,0.005305520616171399,0.009282255172729492,0.0018655699401758919,,{'model__alpha': np.float64(8.164579972055323)},0.0,-4.7999626753239175,-0.012794342592588714,-4.656218815608644,0.0,-1.89379516670503,2.314643746728918,1,Lasso,8.164579972055323,,,,,,,,,
0.03037562370300293,0.005047432647778299,0.01226181983947754,0.0026900585282634837,,{'model__alpha': np.float64(3.6963230382279293)},0.0,-4.7999626753239175,-0.012794342592588714,-4.656218815608644,0.0,-1.89379516670503,2.314643746728918,1,Lasso,3.6963230382279293,,,,,,,,,
0.030164670944213868,0.002846134477457249,0.011558055877685547,0.0017735618207812742,,{'model__alpha': np.float64(3.7001777501438733)},0.0,-4.7999626753239175,-0.012794342592588714,-4.656218815608644,0.0,-1.89379516670503,2.314643746728918,1,Lasso,3.7001777501438733,,,,,,,,,
0.027428293228149415,0.002905336125789682,0.010014200210571289,0.0020570370436651824,,{'model__alpha': np.float64(1.586990115325481)},0.0,-4.7999626753239175,-0.012794342592588714,-4.656218815608644,0.0,-1.89379516670503,2.314643746728918,1,Lasso,1.586990115325481,,,,,,,,,
0.03546361923217774,0.007514539593762572,0.013532018661499024,0.002689395853595166,,{'model__alpha': np.float64(4.897853603747561)},0.0,-4.7999626753239175,-0.012794342592588714,-4.656218815608644,0.0,-1.89379516670503,2.314643746728918,1,Lasso,4.897853603747561,,,,,,,,,
0.017531585693359376,0.002361114787410428,0.00607757568359375,0.0008391569032269113,,{'model__alpha': np.float64(4.166624420559119)},0.0,-4.7999626753239175,-0.012794342592588714,-4.656218815608644,0.0,-1.89379516670503,2.314643746728918,1,Lasso,4.166624420559119,,,,,,,,,
0.06928906440734864,0.002422988291335236,0.01134486198425293,0.0015052810137601823,,"{'model__subsample': 0.8, 'model__reg_lambda': 0.1, 'model__reg_alpha': 1, 'model__n_estimators': 100, 'model__min_child_weight': 3, 'model__max_depth': 3, 'model__learning_rate': 0.1, 'model__gamma': 1, 'model__colsample_bytree': 0.8}",0.0,-2.74480861440455,0.0286116360741272,-0.3497392544838793,0.0,-0.6131872465628604,1.074906275432281,29,XGBRegressor,,0.8,0.1,1.0,100.0,3.0,3.0,0.1,1.0,0.8
0.08297185897827149,0.010366001432873853,0.009563779830932618,0.001075777079129978,,"{'model__subsample': 0.6, 'model__reg_lambda': 10, 'model__reg_alpha': 0, 'model__n_estimators': 100, 'model__min_child_weight': 5, 'model__max_depth': 5, 'model__learning_rate': 0.05, 'model__gamma': 1, 'model__colsample_bytree': 0.8}",0.0,-2.612390688346612,0.07767638873914195,-0.25845836899626984,0.0,-0.5586345337207479,1.0331560140757894,23,XGBRegressor,,0.6,10.0,0.0,100.0,5.0,5.0,0.05,1.0,0.8
0.12791104316711427,0.005901312370287253,0.01139369010925293,0.00043560280441266706,,"{'model__subsample': 0.8, 'model__reg_lambda': 0.1, 'model__reg_alpha': 0.1, 'model__n_estimators': 500, 'model__min_child_weight': 5, 'model__max_depth': 3, 'model__learning_rate': 0.05, 'model__gamma': 5, 'model__colsample_bytree': 0.6}",0.0,-3.8387439767663105,-0.015570439738856079,-0.4266307015358408,0.0,-0.8561890236082015,1.5001942069285847,37,XGBRegressor,,0.8,0.1,0.1,500.0,5.0,3.0,0.05,5.0,0.6
0.09496617317199707,0.00698937666847017,0.010617303848266601,0.00104555840660937,,"{'model__subsample': 0.6, 'model__reg_lambda': 1, 'model__reg_alpha': 1, 'model__n_estimators': 300, 'model__min_child_weight': 3, 'model__max_depth': 5, 'model__learning_rate': 0.1, 'model__gamma': 5, 'model__colsample_bytree': 0.6}",0.0,-4.464971810369048,-0.035608258890652555,-0.5485570984804742,0.0,-1.0098274335480348,1.7400803934332307,45,XGBRegressor,,0.6,1.0,1.0,300.0,3.0,5.0,0.1,5.0,0.6
0.18733477592468262,0.01770709727402608,0.011880779266357422,0.0002953082433604806,,"{'model__subsample': 0.8, 'model__reg_lambda': 1, 'model__reg_alpha': 10, 'model__n_estimators': 500, 'model__min_child_weight': 7, 'model__max_depth': 3, 'model__learning_rate': 0.01, 'model__gamma': 5, 'model__colsample_bytree': 0.8}",0.0,-4.164638427608474,-0.0470314801037206,-0.7384695428963743,0.0,-0.9900278901217139,1.611892449422433,44,XGBRegressor,,0.8,1.0,10.0,500.0,7.0,3.0,0.01,5.0,0.8
0.06846780776977539,0.0059912526698205504,0.011697673797607422,0.0011928188268979412,,"{'model__subsample': 0.6, 'model__reg_lambda': 1, 'model__reg_alpha': 0, 'model__n_estimators': 100, 'model__min_child_weight': 3, 'model__max_depth': 3, 'model__learning_rate': 0.05, 'model__gamma': 5, 'model__colsample_bytree': 0.8}",0.0,-4.219429328724363,-0.03424480107877903,-0.6435274659745367,0.0,-0.9794403191555359,1.6384362954980198,41,XGBRegressor,,0.6,1.0,0.0,100.0,3.0,3.0,0.05,5.0,0.8
0.21196322441101073,0.025756335985624802,0.013109874725341798,0.0010682432000106033,,"{'model__subsample': 0.6, 'model__reg_lambda': 0.1, 'model__reg_alpha': 1, 'model__n_estimators': 300, 'model__min_child_weight': 7, 'model__max_depth': 5, 'model__learning_rate': 0.01, 'model__gamma': 1, 'model__colsample_bytree': 0.6}",0.0,-2.382301612791934,0.1150175420219165,-0.1830738870606261,0.0,-0.49007159156612873,0.9509211568901501,12,XGBRegressor,,0.6,0.1,1.0,300.0,7.0,5.0,0.01,1.0,0.6
0.1775057315826416,0.03431750547973638,0.011716508865356445,0.001507481921112766,,"{'model__subsample': 0.8, 'model__reg_lambda': 0.1, 'model__reg_alpha': 1, 'model__n_estimators': 500, 'model__min_child_weight': 7, 'model__max_depth': 5, 'model__learning_rate': 0.1, 'model__gamma': 1, 'model__colsample_bytree': 0.6}",0.0,-2.234574705159644,0.09760018112706037,-0.3247569140220843,0.0,-0.4923462876109335,0.8827562094801884,13,XGBRegressor,,0.8,0.1,1.0,500.0,7.0,5.0,0.1,1.0,0.6
0.09618134498596191,0.004576685159348486,0.012509822845458984,0.0021200047115899267,,"{'model__subsample': 0.8, 'model__reg_lambda': 10, 'model__reg_alpha': 10, 'model__n_estimators': 100, 'model__min_child_weight': 7, 'model__max_depth': 3, 'model__learning_rate': 0.01, 'model__gamma': 1, 'model__colsample_bytree': 0.6}",0.0,-2.823370413099447,0.10490778918349064,-1.155798355624007,0.0,-0.7748521959079926,1.1239498516519921,34,XGBRegressor,,0.8,10.0,10.0,100.0,7.0,3.0,0.01,1.0,0.6
0.05812616348266601,0.004696324705346614,0.010366535186767578,0.0008008634251197531,,"{'model__subsample': 0.8, 'model__reg_lambda': 0.1, 'model__reg_alpha': 0.1, 'model__n_estimators': 100, 'model__min_child_weight': 5, 'model__max_depth': 5, 'model__learning_rate': 0.1, 'model__gamma': 5, 'model__colsample_bytree': 0.6}",0.0,-3.8533089743728706,-0.031693338590049525,-0.5242947812606695,0.0,-0.8818594188447179,1.4990329792452828,38,XGBRegressor,,0.8,0.1,0.1,100.0,5.0,5.0,0.1,5.0,0.6
0.1550574779510498,0.010969871529513441,0.013059425354003906,0.0027101124577689046,,"{'model__subsample': 0.6, 'model__reg_lambda': 1, 'model__reg_alpha': 0.1, 'model__n_estimators': 500, 'model__min_child_weight': 7, 'model__max_depth': 5, 'model__learning_rate': 0.05, 'model__gamma': 1, 'model__colsample_bytree': 0.6}",0.0,-2.1950561009416365,0.11631799602875226,-0.31440941017248125,0.0,-0.4786295030170731,0.8700831493477392,9,XGBRegressor,,0.6,1.0,0.1,500.0,7.0,5.0,0.05,1.0,0.6
0.18880023956298828,0.04626755168472151,0.01134195327758789,0.0004777726914241656,,"{'model__subsample': 0.6, 'model__reg_lambda': 0.1, 'model__reg_alpha': 10, 'model__n_estimators': 300, 'model__min_child_weight': 5, 'model__max_depth': 3, 'model__learning_rate': 0.05, 'model__gamma': 0, 'model__colsample_bytree': 0.8}",0.0,-2.24607430394756,0.09404207630762518,-0.5616228104300858,0.0,-0.5427310076140042,0.8827603456246313,20,XGBRegressor,,0.6,0.1,10.0,300.0,5.0,3.0,0.05,0.0,0.8
0.18466572761535643,0.017570427339124513,0.013295793533325195,0.0015238310408354045,,"{'model__subsample': 0.8, 'model__reg_lambda': 1, 'model__reg_alpha': 10, 'model__n_estimators': 500, 'model__min_child_weight': 3, 'model__max_depth': 3, 'model__learning_rate': 0.05, 'model__gamma': 1, 'model__colsample_bytree': 0.8}",0.0,-3.157278709502367,0.028075346920412136,-0.31033312650507594,0.0,-0.6879072978174061,1.2409207446115018,32,XGBRegressor,,0.8,1.0,10.0,500.0,3.0,3.0,0.05,1.0,0.8
0.11097631454467774,0.0020432724533837932,0.014141368865966796,0.005202890582559238,,"{'model__subsample': 0.8, 'model__reg_lambda': 1, 'model__reg_alpha': 0, 'model__n_estimators': 300, 'model__min_child_weight': 5, 'model__max_depth': 3, 'model__learning_rate': 0.1, 'model__gamma': 1, 'model__colsample_bytree': 0.6}",0.0,-2.35038188158968,0.054423737089925206,-0.36363266764314184,0.0,-0.5319181624285794,0.9213903615552056,19,XGBRegressor,,0.8,1.0,0.0,300.0,5.0,3.0,0.1,1.0,0.6
0.08190584182739258,0.010267091298779157,0.011415576934814453,0.00042127634879114077,,"{'model__subsample': 0.6, 'model__reg_lambda': 10, 'model__reg_alpha': 0, 'model__n_estimators': 100, 'model__min_child_weight': 7, 'model__max_depth': 5, 'model__learning_rate': 0.05, 'model__gamma': 1, 'model__colsample_bytree': 0.6}",0.0,-2.2702047507766343,0.10986618618049404,-0.2500355814300341,0.0,-0.48207482920523487,0.901824514695561,11,XGBRegressor,,0.6,10.0,0.0,100.0,7.0,5.0,0.05,1.0,0.6
0.060045385360717775,0.006127198671071464,0.010748004913330078,0.0007243480637447518,,"{'model__subsample': 0.6, 'model__reg_lambda': 0.1, 'model__reg_alpha': 10, 'model__n_estimators': 100, 'model__min_child_weight': 5, 'model__max_depth': 5, 'model__learning_rate': 0.05, 'model__gamma': 5, 'model__colsample_bytree': 0.6}",0.0,-4.146430043367961,-0.033675983723235436,-0.9747901809112247,0.0,-1.0309792416004844,1.6018514968728872,46,XGBRegressor,,0.6,0.1,10.0,100.0,5.0,5.0,0.05,5.0,0.6
0.7453240394592285,0.11128683673595616,0.01774587631225586,0.0010649644689018623,,"{'model__subsample': 0.6, 'model__reg_lambda': 10, 'model__reg_alpha': 1, 'model__n_estimators': 500, 'model__min_child_weight': 3, 'model__max_depth': 5, 'model__learning_rate': 0.01, 'model__gamma': 0, 'model__colsample_bytree': 0.6}",0.0,-0.735461366497427,0.1708104456418278,-0.37091603677819385,0.0,-0.1871133915267586,0.32637439539480867,5,XGBRegressor,,0.6,10.0,1.0,500.0,3.0,5.0,0.01,0.0,0.6
0.1931002616882324,0.02022019075206118,0.013612842559814453,0.0014690120584054875,,"{'model__subsample': 0.8, 'model__reg_lambda': 10, 'model__reg_alpha': 0.1, 'model__n_estimators': 500, 'model__min_child_weight': 3, 'model__max_depth': 7, 'model__learning_rate': 0.05, 'model__gamma': 1, 'model__colsample_bytree': 0.8}",0.0,-2.3471756509179147,0.0836498062078227,-0.29555724704829944,0.0,-0.5118166183516782,0.9266934399809438,16,XGBRegressor,,0.8,10.0,0.1,500.0,3.0,7.0,0.05,1.0,0.8
0.08433213233947753,0.0068222614266551995,0.012898397445678712,0.0012430049550227397,,"{'model__subsample': 0.8, 'model__reg_lambda': 10, 'model__reg_alpha': 1, 'model__n_estimators': 100, 'model__min_child_weight': 7, 'model__max_depth': 7, 'model__learning_rate': 0.1, 'model__gamma': 1, 'model__colsample_bytree': 0.8}",0.0,-2.6190349991402986,0.061062318885039435,-0.29509608793991093,0.0,-0.570613753639034,1.0317125913176344,25,XGBRegressor,,0.8,10.0,1.0,100.0,7.0,7.0,0.1,1.0,0.8
0.20448269844055175,0.020854492407511055,0.014686298370361329,0.001509007179238828,,"{'model__subsample': 0.6, 'model__reg_lambda': 0.1, 'model__reg_alpha': 1, 'model__n_estimators': 500, 'model__min_child_weight': 7, 'model__max_depth': 7, 'model__learning_rate': 0.05, 'model__gamma': 1, 'model__colsample_bytree': 0.8}",0.0,-2.6152399340848893,0.09406048551081714,-0.23031232951943115,0.0,-0.5502983556187007,1.0380009302416164,22,XGBRegressor,,0.6,0.1,1.0,500.0,7.0,7.0,0.05,1.0,0.8
0.3805867671966553,0.04184289383829728,0.014800930023193359,0.0025635883613458034,,"{'model__subsample': 0.8, 'model__reg_lambda': 0.1, 'model__reg_alpha': 0.1, 'model__n_estimators': 100, 'model__min_child_weight': 3, 'model__max_depth': 7, 'model__learning_rate': 0.05, 'model__gamma': 0, 'model__colsample_bytree': 0.6}",0.0,-0.24272635127020892,0.2196770401956084,-0.16640999841160875,0.0,-0.03789186189724185,0.15980450880447972,1,XGBRegressor,,0.8,0.1,0.1,100.0,3.0,7.0,0.05,0.0,0.6
0.08190021514892579,0.012578551573235161,0.012752294540405273,0.0005286229940677002,,"{'model__subsample': 0.6, 'model__reg_lambda': 10, 'model__reg_alpha': 10, 'model__n_estimators': 100, 'model__min_child_weight': 5, 'model__max_depth': 5, 'model__learning_rate': 0.01, 'model__gamma': 5, 'model__colsample_bytree': 0.6}",0.0,-3.7643346123246513,0.05641034282668689,-1.9380950950289217,0.0,-1.1292038729053773,1.5201383400714459,50,XGBRegressor,,0.6,10.0,10.0,100.0,5.0,5.0,0.01,5.0,0.6
0.0991015911102295,0.011564420793729699,0.015384101867675781,0.0027290752869469585,,"{'model__subsample': 0.8, 'model__reg_lambda': 0.1, 'model__reg_alpha': 1, 'model__n_estimators': 100, 'model__min_child_weight': 3, 'model__max_depth': 5, 'model__learning_rate': 0.01, 'model__gamma': 5, 'model__colsample_bytree': 0.6}",0.0,-3.23045602138681,0.09457512563710191,-1.0922745698440535,0.0,-0.8456310931187524,1.2698342071456024,36,XGBRegressor,,0.8,0.1,1.0,100.0,3.0,5.0,0.01,5.0,0.6
0.18289780616760254,0.0382084939868676,0.013120317459106445,0.0010121950028864587,,"{'model__subsample': 0.6, 'model__reg_lambda': 0.1, 'model__reg_alpha': 1, 'model__n_estimators': 500, 'model__min_child_weight': 3, 'model__max_depth': 7, 'model__learning_rate': 0.1, 'model__gamma': 1, 'model__colsample_bytree': 0.6}",0.0,-2.4732005972853512,0.10111542942786789,-0.2802833328543348,0.0,-0.5304737001423636,0.9796420303808205,18,XGBRegressor,,0.6,0.1,1.0,500.0,3.0,7.0,0.1,1.0,0.6
0.08403458595275878,0.004767978896661122,0.01248326301574707,0.0007519284231377173,,"{'model__subsample': 0.6, 'model__reg_lambda': 1, 'model__reg_alpha': 1, 'model__n_estimators': 100, 'model__min_child_weight': 3, 'model__max_depth': 5, 'model__learning_rate': 0.1, 'model__gamma': 1, 'model__colsample_bytree': 0.8}",0.0,-2.8096022735825588,0.05291076871043321,-0.3861739451284638,0.0,-0.6285730900001179,1.1018415633565846,30,XGBRegressor,,0.6,1.0,1.0,100.0,3.0,5.0,0.1,1.0,0.8
0.12906961441040038,0.01171538307664241,0.01208038330078125,0.00047096360044419786,,"{'model__subsample': 0.6, 'model__reg_lambda': 0.1, 'model__reg_alpha': 0.1, 'model__n_estimators': 100, 'model__min_child_weight': 5, 'model__max_depth': 5, 'model__learning_rate': 0.01, 'model__gamma': 1, 'model__colsample_bytree': 0.6}",0.0,-2.0881972984742343,0.13117674162686555,-0.5910355097743538,0.0,-0.5096112133243444,0.8280797455539666,15,XGBRegressor,,0.6,0.1,0.1,100.0,5.0,5.0,0.01,1.0,0.6
0.0582763671875,0.001993399175583256,0.012614679336547852,0.002451989572924457,,"{'model__subsample': 0.8, 'model__reg_lambda': 1, 'model__reg_alpha': 1, 'model__n_estimators': 100, 'model__min_child_weight': 7, 'model__max_depth': 7, 'model__learning_rate': 0.1, 'model__gamma': 5, 'model__colsample_bytree': 0.6}",0.0,-3.9075447248534667,-0.0319025464182916,-0.542995269196362,0.0,-0.8964885080936241,1.5196255582115021,39,XGBRegressor,,0.8,1.0,1.0,100.0,7.0,7.0,0.1,5.0,0.6
0.10369272232055664,0.011638860504895078,0.011779880523681641,0.0007132740957413842,,"{'model__subsample': 0.8, 'model__reg_lambda': 1, 'model__reg_alpha': 10, 'model__n_estimators': 300, 'model__min_child_weight': 7, 'model__max_depth': 7, 'model__learning_rate': 0.1, 'model__gamma': 5, 'model__colsample_bytree': 0.6}",0.0,-4.167413750939361,-0.07575633293409845,-0.673932006112999,0.0,-0.9834204179972916,1.61193561594077,42,XGBRegressor,,0.8,1.0,10.0,300.0,7.0,7.0,0.1,5.0,0.6
0.2084801197052002,0.018793321460972297,0.012904739379882813,0.001369632166505973,,"{'model__subsample': 0.6, 'model__reg_lambda': 0.1, 'model__reg_alpha': 0.1, 'model__n_estimators': 300, 'model__min_child_weight': 5, 'model__max_depth': 3, 'model__learning_rate': 0.01, 'model__gamma': 1, 'model__colsample_bytree': 0.8}",0.0,-2.670106327934827,0.050010547684336215,-0.25499698030271634,0.0,-0.5750185521106415,1.0529729949968998,26,XGBRegressor,,0.6,0.1,0.1,300.0,5.0,3.0,0.01,1.0,0.8
0.742771053314209,0.16274805713845505,0.016347169876098633,0.0009068216853720042,,"{'model__subsample': 0.6, 'model__reg_lambda': 0.1, 'model__reg_alpha': 10, 'model__n_estimators': 500, 'model__min_child_weight': 3, 'model__max_depth': 7, 'model__learning_rate': 0.01, 'model__gamma': 0, 'model__colsample_bytree': 0.8}",0.0,-1.9888149243685747,0.11939515313198612,-0.5261556192333003,0.0,-0.4791150780939778,0.7872386488668318,10,XGBRegressor,,0.6,0.1,10.0,500.0,3.0,7.0,0.01,0.0,0.8
0.21882162094116211,0.03874582130762253,0.013100433349609374,0.001306741677059085,,"{'model__subsample': 0.6, 'model__reg_lambda': 10, 'model__reg_alpha': 10, 'model__n_estimators': 500, 'model__min_child_weight': 3, 'model__max_depth': 3, 'model__learning_rate': 0.1, 'model__gamma': 0, 'model__colsample_bytree': 0.8}",0.0,-2.168476993797651,0.08629899968829335,-0.640991614957312,0.0,-0.5446339218133339,0.8529337250306869,21,XGBRegressor,,0.6,10.0,10.0,500.0,3.0,3.0,0.1,0.0,0.8
0.11832365989685059,0.008389504488883275,0.01265268325805664,0.0009017297839374639,,"{'model__subsample': 0.8, 'model__reg_lambda': 10, 'model__reg_alpha': 10, 'model__n_estimators': 300, 'model__min_child_weight': 3, 'model__max_depth': 3, 'model__learning_rate': 0.1, 'model__gamma': 1, 'model__colsample_bytree': 0.6}",0.0,-3.087165420920976,0.03489772631006993,-0.29506991234307356,0.0,-0.669467521390796,1.2147378836289144,31,XGBRegressor,,0.8,10.0,10.0,300.0,3.0,3.0,0.1,1.0,0.6
0.18583855628967286,0.023580027793587224,0.012161779403686523,0.0004950954862679164,,"{'model__subsample': 0.6, 'model__reg_lambda': 1, 'model__reg_alpha': 0.1, 'model__n_estimators': 100, 'model__min_child_weight': 7, 'model__max_depth': 5, 'model__learning_rate': 0.05, 'model__gamma': 0, 'model__colsample_bytree': 0.6}",0.0,-0.5180106001399845,0.1637916881458391,-0.4288449537315042,0.0,-0.15661277314512992,0.26699546428469045,4,XGBRegressor,,0.6,1.0,0.1,100.0,7.0,5.0,0.05,0.0,0.6
0.13890910148620605,0.016849824645750043,0.011967277526855469,0.0005953421169679497,,"{'model__subsample': 0.6, 'model__reg_lambda': 10, 'model__reg_alpha': 0, 'model__n_estimators': 300, 'model__min_child_weight': 3, 'model__max_depth': 3, 'model__learning_rate': 0.05, 'model__gamma': 1, 'model__colsample_bytree': 0.8}",0.0,-2.5977530356705354,0.04365812491342802,-0.32248403584710283,0.0,-0.575315789320842,1.0197334487377923,27,XGBRegressor,,0.6,10.0,0.0,300.0,3.0,3.0,0.05,1.0,0.8
0.1651280403137207,0.007918021080239273,0.015253925323486328,0.0053421761500262455,,"{'model__subsample': 0.6, 'model__reg_lambda': 10, 'model__reg_alpha': 10, 'model__n_estimators': 500, 'model__min_child_weight': 7, 'model__max_depth': 7, 'model__learning_rate': 0.05, 'model__gamma': 5, 'model__colsample_bytree': 0.8}",0.0,-4.319150951927558,-0.08793659325799208,-1.1567106609018816,0.0,-1.1127596412174863,1.6619029603079885,48,XGBRegressor,,0.6,10.0,10.0,500.0,7.0,7.0,0.05,5.0,0.8
0.13100795745849608,0.03040519546575494,0.01188344955444336,0.0005364054434428136,,"{'model__subsample': 0.8, 'model__reg_lambda': 1, 'model__reg_alpha': 0.1, 'model__n_estimators': 100, 'model__min_child_weight': 3, 'model__max_depth': 3, 'model__learning_rate': 0.05, 'model__gamma': 0, 'model__colsample_bytree': 0.8}",0.0,-1.2842705181281375,0.06062826845663094,-0.7159456810658031,0.0,-0.3879175861474619,0.5316398218142755,7,XGBRegressor,,0.8,1.0,0.1,100.0,3.0,3.0,0.05,0.0,0.8
0.14199886322021485,0.012177477862632657,0.012797307968139649,0.0015919706487644483,,"{'model__subsample': 0.6, 'model__reg_lambda': 0.1, 'model__reg_alpha': 0.1, 'model__n_estimators': 300, 'model__min_child_weight': 3, 'model__max_depth': 3, 'model__learning_rate': 0.05, 'model__gamma': 1, 'model__colsample_bytree': 0.8}",0.0,-2.4764275368709994,0.03722537987248398,-0.35438533531964134,0.0,-0.5587174984636313,0.9694165074643551,24,XGBRegressor,,0.6,0.1,0.1,300.0,3.0,3.0,0.05,1.0,0.8
0.10074119567871094,0.015139401653623697,0.012381887435913086,0.001308420905062067,,"{'model__subsample': 0.8, 'model__reg_lambda': 10, 'model__reg_alpha': 10, 'model__n_estimators': 100, 'model__min_child_weight': 7, 'model__max_depth': 3, 'model__learning_rate': 0.1, 'model__gamma': 0, 'model__colsample_bytree': 0.6}",0.0,-2.003714025609943,0.08525634347097011,-0.5760235375095466,0.0,-0.4988962439297039,0.788600576370221,14,XGBRegressor,,0.8,10.0,10.0,100.0,7.0,3.0,0.1,0.0,0.6
0.19430694580078126,0.03142773571323104,0.011857748031616211,0.0007158986063595778,,"{'model__subsample': 0.8, 'model__reg_lambda': 1, 'model__reg_alpha': 1, 'model__n_estimators': 300, 'model__min_child_weight': 5, 'model__max_depth': 3, 'model__learning_rate': 0.01, 'model__gamma': 1, 'model__colsample_bytree': 0.6}",0.0,-2.4293459287779346,0.07210965690089088,-0.2814282066454157,0.0,-0.5277328957044919,0.9585002069630141,17,XGBRegressor,,0.8,1.0,1.0,300.0,5.0,3.0,0.01,1.0,0.6
0.1357889175415039,0.003469709046621014,0.01212453842163086,0.00039477301962841723,,"{'model__subsample': 0.6, 'model__reg_lambda': 10, 'model__reg_alpha': 10, 'model__n_estimators': 500, 'model__min_child_weight': 5, 'model__max_depth': 5, 'model__learning_rate': 0.1, 'model__gamma': 5, 'model__colsample_bytree': 0.6}",0.0,-4.257180168717112,-0.08051466004325936,-0.9280258211963828,0.0,-1.0531441299913509,1.6398618680566461,47,XGBRegressor,,0.6,10.0,10.0,500.0,5.0,5.0,0.1,5.0,0.6
0.26238374710083007,0.030692494082090082,0.013233041763305664,0.0009561545616275241,,"{'model__subsample': 0.6, 'model__reg_lambda': 0.1, 'model__reg_alpha': 10, 'model__n_estimators': 500, 'model__min_child_weight': 7, 'model__max_depth': 7, 'model__learning_rate': 0.01, 'model__gamma': 1, 'model__colsample_bytree': 0.8}",0.0,-3.31413143921829,0.018118852763251758,-0.37853265979802897,0.0,-0.7349090492506134,1.2982007479910123,33,XGBRegressor,,0.6,0.1,10.0,500.0,7.0,7.0,0.01,1.0,0.8
0.15949640274047852,0.00962271022109272,0.01333622932434082,0.0010650280141972525,,"{'model__subsample': 0.8, 'model__reg_lambda': 0.1, 'model__reg_alpha': 0, 'model__n_estimators': 500, 'model__min_child_weight': 3, 'model__max_depth': 3, 'model__learning_rate': 0.05, 'model__gamma': 5, 'model__colsample_bytree': 0.8}",0.0,-4.100515958693368,-0.029224562373265206,-0.42760684833433715,0.0,-0.9114694738801941,1.6027507485701036,40,XGBRegressor,,0.8,0.1,0.0,500.0,3.0,3.0,0.05,5.0,0.8
0.19223465919494628,0.02043252790180843,0.013162040710449218,0.0007083476989827504,,"{'model__subsample': 0.6, 'model__reg_lambda': 1, 'model__reg_alpha': 1, 'model__n_estimators': 100, 'model__min_child_weight': 7, 'model__max_depth': 5, 'model__learning_rate': 0.1, 'model__gamma': 0, 'model__colsample_bytree': 0.6}",0.0,-0.3636554423669316,0.11523972820726502,-0.46233240062882164,0.0,-0.14214962295769765,0.22726378851744253,2,XGBRegressor,,0.6,1.0,1.0,100.0,7.0,5.0,0.1,0.0,0.6
0.23712539672851562,0.045518253378315304,0.015172767639160156,0.0028678944855130223,,"{'model__subsample': 0.6, 'model__reg_lambda': 10, 'model__reg_alpha': 10, 'model__n_estimators': 300, 'model__min_child_weight': 3, 'model__max_depth': 5, 'model__learning_rate': 0.05, 'model__gamma': 0, 'model__colsample_bytree': 0.6}",0.0,-1.7725921124826476,0.14231102126926276,-0.3865307549709762,0.0,-0.4033623692368723,0.7068571629356124,8,XGBRegressor,,0.6,10.0,10.0,300.0,3.0,5.0,0.05,0.0,0.6
0.7932468891143799,0.21735590490052284,0.013316822052001954,0.0033953508372634588,,"{'model__subsample': 0.8, 'model__reg_lambda': 1, 'model__reg_alpha': 0, 'model__n_estimators': 500, 'model__min_child_weight': 5, 'model__max_depth': 5, 'model__learning_rate': 0.05, 'model__gamma': 0, 'model__colsample_bytree': 0.8}",0.0,-0.43820084386611735,0.18004878884354758,-0.452936051876347,0.0,-0.14221762137978336,0.25630425430090764,3,XGBRegressor,,0.8,1.0,0.0,500.0,5.0,5.0,0.05,0.0,0.8
0.09980854988098145,0.024670479238537484,0.012458896636962891,0.00040815237476436164,,"{'model__subsample': 0.8, 'model__reg_lambda': 0.1, 'model__reg_alpha': 0, 'model__n_estimators': 100, 'model__min_child_weight': 3, 'model__max_depth': 5, 'model__learning_rate': 0.01, 'model__gamma': 5, 'model__colsample_bytree': 0.6}",0.0,-3.185888388399298,0.09807914130359441,-1.0522533713694169,0.0,-0.828012523693024,1.2520956674225956,35,XGBRegressor,,0.8,0.1,0.0,100.0,3.0,5.0,0.01,5.0,0.6
0.12399988174438477,0.007719325681731425,0.012675809860229491,0.0009387354649440617,,"{'model__subsample': 0.6, 'model__reg_lambda': 1, 'model__reg_alpha': 0.1, 'model__n_estimators': 300, 'model__min_child_weight': 5, 'model__max_depth': 5, 'model__learning_rate': 0.05, 'model__gamma': 5, 'model__colsample_bytree': 0.8}",0.0,-4.2669740574365616,-0.03326186704819567,-0.6256920045944585,0.0,-0.985185585815843,1.6581140642762229,43,XGBRegressor,,0.6,1.0,0.1,300.0,5.0,5.0,0.05,5.0,0.8
0.07935700416564942,0.007380875690399004,0.012747907638549804,0.001209497405724625,,"{'model__subsample': 0.6, 'model__reg_lambda': 1, 'model__reg_alpha': 1, 'model__n_estimators': 100, 'model__min_child_weight': 7, 'model__max_depth': 3, 'model__learning_rate': 0.05, 'model__gamma': 1, 'model__colsample_bytree': 0.8}",0.0,-2.73555251334369,0.038847211546030214,-0.2701346068837227,0.0,-0.5933679817362766,1.0767823880611342,28,XGBRegressor,,0.6,1.0,1.0,100.0,7.0,3.0,0.05,1.0,0.8
0.3303501605987549,0.056889138149341156,0.01377553939819336,0.000913398067163194,,"{'model__subsample': 0.6, 'model__reg_lambda': 0.1, 'model__reg_alpha': 10, 'model__n_estimators': 500, 'model__min_child_weight': 3, 'model__max_depth': 7, 'model__learning_rate': 0.05, 'model__gamma': 0, 'model__colsample_bytree': 0.6}",0.0,-1.59229074896535,0.15173017210880235,-0.4226259718435783,0.0,-0.3726373097400252,0.6391763079767763,6,XGBRegressor,,0.6,0.1,10.0,500.0,3.0,7.0,0.05,0.0,0.6
0.1498124599456787,0.009264359758720746,0.010140514373779297,0.0014245537322908194,,"{'model__subsample': 0.6, 'model__reg_lambda': 10, 'model__reg_alpha': 10, 'model__n_estimators': 500, 'model__min_child_weight': 5, 'model__max_depth': 5, 'model__learning_rate': 0.1, 'model__gamma': 5, 'model__colsample_bytree': 0.8}",0.0,-4.332733680660073,-0.11661616569339395,-1.1233255522446086,0.0,-1.1145350797196152,1.6635563443613703,49,XGBRegressor,,0.6,10.0,10.0,500.0,5.0,5.0,0.1,5.0,0.8
0.02048630714416504,0.008335485190118713,0.007106781005859375,0.0019981644599332314,,{'model__alpha': np.float64(2.769704599488178)},0.0,0.0,-1.9082774049217006,-1.057239057239057,0.0,-0.5931032924321515,0.7746508246709789,2,OrdinalRidge,2.769704599488178,,,,,,,,,
0.018246984481811522,0.0031136324943369324,0.0076105594635009766,0.0016414853878550814,,{'model__alpha': np.float64(3.4130564177424625)},0.0,0.0,-1.9082774049217006,-1.0791245791245792,0.0,-0.5974803968092559,0.7773182602446401,21,OrdinalRidge,3.4130564177424625,,,,,,,,,
0.017518281936645508,0.003024559834338112,0.006312036514282226,0.0006176900141981165,,{'model__alpha': np.float64(3.910133495435345)},0.0,0.0,-1.9082774049217006,-1.0791245791245792,0.0,-0.5974803968092559,0.7773182602446401,21,OrdinalRidge,3.910133495435345,,,,,,,,,
0.018083763122558594,0.005791593526786516,0.008868885040283204,0.0027470999484375063,,{'model__alpha': np.float64(7.054685069996318)},0.0,0.0,-1.9486701466567244,-1.0353535353535355,0.0,-0.596804736402052,0.7859252911925652,14,OrdinalRidge,7.054685069996318,,,,,,,,,
0.02154879570007324,0.005457748635762762,0.0089569091796875,0.0007095939344037167,,{'model__alpha': np.float64(9.818166977465081)},0.0,0.0,-1.9890628883917478,-1.057239057239057,0.0,-0.609260389126161,0.8022636087145232,41,OrdinalRidge,9.818166977465081,,,,,,,,,
0.019658565521240234,0.004159446439376965,0.006923246383666992,0.0007599324543297002,,{'model__alpha': np.float64(3.1796751749416337)},0.0,0.0,-1.9082774049217006,-1.057239057239057,0.0,-0.5931032924321515,0.7746508246709789,2,OrdinalRidge,3.1796751749416337,,,,,,,,,
0.017479658126831055,0.002251422991969704,0.007105350494384766,0.0009288597398720839,,{'model__alpha': np.float64(5.318937311799093)},0.0,0.0,-1.9082774049217006,-1.057239057239057,0.0,-0.5931032924321515,0.7746508246709789,2,OrdinalRidge,5.318937311799093,,,,,,,,,
0.020220184326171876,0.0009331812538749879,0.007385396957397461,0.00108819439869884,,{'model__alpha': np.float64(2.867456901890681)},0.0,0.0,-1.9082774049217006,-1.057239057239057,0.0,-0.5931032924321515,0.7746508246709789,2,OrdinalRidge,2.867456901890681,,,,,,,,,
0.019163894653320312,0.002506183440136332,0.0071789264678955075,0.000696003962902319,,{'model__alpha': np.float64(1.674802716832489)},0.0,0.0,-1.9486701466567244,-1.0791245791245792,0.0,-0.6055589451562607,0.7909888769695974,34,OrdinalRidge,1.674802716832489,,,,,,,,,
0.01656231880187988,0.0020353921732569925,0.006221675872802734,0.0008098745900694357,,{'model__alpha': np.float64(2.386565371117929)},0.0,0.0,-1.9082774049217006,-1.057239057239057,0.0,-0.5931032924321515,0.7746508246709789,2,OrdinalRidge,2.386565371117929,,,,,,,,,
0.016507482528686522,0.0010547917376984924,0.006557369232177734,0.00025751363699235157,,{'model__alpha': np.float64(7.715292743164745)},0.0,0.0,-1.9486701466567244,-1.0353535353535355,0.0,-0.596804736402052,0.7859252911925652,14,OrdinalRidge,7.715292743164745,,,,,,,,,
0.01973128318786621,0.00411193273159351,0.007774972915649414,0.0012670244307012599,,{'model__alpha': np.float64(0.2910235491188822)},0.0,0.0,-1.9890628883917478,-1.0791245791245792,0.0,-0.6136374935032654,0.8047516590953103,49,OrdinalRidge,0.2910235491188822,,,,,,,,,
0.01896500587463379,0.0015863005963681494,0.007697963714599609,0.000921168069527989,,{'model__alpha': np.float64(9.312952533968442)},0.0,0.0,-1.9890628883917478,-1.057239057239057,0.0,-0.609260389126161,0.8022636087145232,41,OrdinalRidge,9.312952533968442,,,,,,,,,
0.02028646469116211,0.0027442794683267065,0.00847330093383789,0.0013115280962460165,,{'model__alpha': np.float64(3.9886933334837344)},0.0,0.0,-1.9082774049217006,-1.0791245791245792,0.0,-0.5974803968092559,0.7773182602446401,21,OrdinalRidge,3.9886933334837344,,,,,,,,,
0.01654367446899414,0.0013844731128341376,0.006739616394042969,0.0006411806233750417,,{'model__alpha': np.float64(2.3450904092857123)},0.0,0.0,-1.9082774049217006,-1.057239057239057,0.0,-0.5931032924321515,0.7746508246709789,2,OrdinalRidge,2.3450904092857123,,,,,,,,,
0.0188232421875,0.0043576390656433145,0.007466363906860352,0.0010873347882810846,,{'model__alpha': np.float64(1.3049434414915744)},0.0,0.0,-1.9486701466567244,-1.0791245791245792,0.0,-0.6055589451562607,0.7909888769695974,34,OrdinalRidge,1.3049434414915744,,,,,,,,,
0.022076511383056642,0.002820899179402028,0.009612321853637695,0.0016123067790607378,,{'model__alpha': np.float64(4.238437858484639)},0.0,0.0,-1.9082774049217006,-1.0791245791245792,0.0,-0.5974803968092559,0.7773182602446401,21,OrdinalRidge,4.238437858484639,,,,,,,,,
0.02339658737182617,0.0036418526741456535,0.009338855743408203,0.001267791837943813,,{'model__alpha': np.float64(6.906482034980502)},0.0,0.0,-1.9486701466567244,-1.0353535353535355,0.0,-0.596804736402052,0.7859252911925652,14,OrdinalRidge,6.906482034980502,,,,,,,,,
0.023907279968261717,0.002176750928888009,0.010343790054321289,0.0008008852632311151,,{'model__alpha': np.float64(8.4887377749017)},0.0,0.0,-1.9890628883917478,-1.0353535353535355,0.0,-0.6048832847490566,0.7998636354157308,31,OrdinalRidge,8.4887377749017,,,,,,,,,
0.023691844940185548,0.0023813317019598813,0.009260225296020507,0.0014372116250060847,,{'model__alpha': np.float64(8.621869306816517)},0.0,0.0,-1.9890628883917478,-1.057239057239057,0.0,-0.609260389126161,0.8022636087145232,41,OrdinalRidge,8.621869306816517,,,,,,,,,
0.02434549331665039,0.004306756039282472,0.009540414810180664,0.0009257780667457562,,{'model__alpha': np.float64(9.376776018965618)},0.0,0.0,-1.9890628883917478,-1.057239057239057,0.0,-0.609260389126161,0.8022636087145232,41,OrdinalRidge,9.376776018965618,,,,,,,,,
0.01997990608215332,0.003939116603873109,0.0071414470672607425,0.0014801754116278154,,{'model__alpha': np.float64(8.02016823230549)},0.0,0.0,-1.9890628883917478,-1.0353535353535355,0.0,-0.6048832847490566,0.7998636354157308,31,OrdinalRidge,8.02016823230549,,,,,,,,,
0.019382572174072264,0.004423774568652497,0.00842456817626953,0.002133511663018579,,{'model__alpha': np.float64(2.9939517167690783)},0.0,0.0,-1.9082774049217006,-1.057239057239057,0.0,-0.5931032924321515,0.7746508246709789,2,OrdinalRidge,2.9939517167690783,,,,,,,,,
0.02237424850463867,0.0041680691800127945,0.009367752075195312,0.0018559223956885924,,{'model__alpha': np.float64(1.6730482636258985)},0.0,0.0,-1.9486701466567244,-1.0791245791245792,0.0,-0.6055589451562607,0.7909888769695974,34,OrdinalRidge,1.6730482636258985,,,,,,,,,
0.023378849029541016,0.003659602203539294,0.010431957244873048,0.0005624037947398375,,{'model__alpha': np.float64(6.734704771410142)},0.0,0.0,-1.9486701466567244,-1.0353535353535355,0.0,-0.596804736402052,0.7859252911925652,14,OrdinalRidge,6.734704771410142,,,,,,,,,
0.025972318649291993,0.0016236470651554188,0.01039438247680664,0.0009606929761481096,,{'model__alpha': np.float64(9.133123601359351)},0.0,0.0,-1.9890628883917478,-1.057239057239057,0.0,-0.609260389126161,0.8022636087145232,41,OrdinalRidge,9.133123601359351,,,,,,,,,
0.02268838882446289,0.0037514481736793956,0.008722829818725585,0.0018051463607150259,,{'model__alpha': np.float64(1.5070462974979741)},0.0,0.0,-1.9486701466567244,-1.0791245791245792,0.0,-0.6055589451562607,0.7909888769695974,34,OrdinalRidge,1.5070462974979741,,,,,,,,,
0.021186161041259765,0.00425276418522155,0.008159494400024414,0.001981286317236036,,{'model__alpha': np.float64(7.123013089700357)},0.0,0.0,-1.9486701466567244,-1.0353535353535355,0.0,-0.596804736402052,0.7859252911925652,14,OrdinalRidge,7.123013089700357,,,,,,,,,
0.016954755783081053,0.004182519147714851,0.006202316284179688,0.0017748136059879437,,{'model__alpha': np.float64(2.630775954009474)},0.0,0.0,-1.9082774049217006,-1.057239057239057,0.0,-0.5931032924321515,0.7746508246709789,2,OrdinalRidge,2.630775954009474,,,,,,,,,
0.017409801483154297,0.0020378254127565746,0.0075436592102050785,0.000854257336874433,,{'model__alpha': np.float64(3.484008793300088)},0.0,0.0,-1.9082774049217006,-1.0791245791245792,0.0,-0.5974803968092559,0.7773182602446401,21,OrdinalRidge,3.484008793300088,,,,,,,,,
0.01745119094848633,0.0017194029586224987,0.00774693489074707,0.0008686732817106054,,{'model__alpha': np.float64(2.910784705914321)},0.0,0.0,-1.9082774049217006,-1.057239057239057,0.0,-0.5931032924321515,0.7746508246709789,2,OrdinalRidge,2.910784705914321,,,,,,,,,
0.019687366485595704,0.0027467958355510925,0.007666492462158203,0.000854993312956631,,{'model__alpha': np.float64(9.397849435497408)},0.0,0.0,-1.9890628883917478,-1.057239057239057,0.0,-0.609260389126161,0.8022636087145232,41,OrdinalRidge,9.397849435497408,,,,,,,,,
0.02089972496032715,0.0025270851620496997,0.008104896545410157,0.0010999639381056151,,{'model__alpha': np.float64(9.814616751876288)},0.0,0.0,-1.9890628883917478,-1.057239057239057,0.0,-0.609260389126161,0.8022636087145232,41,OrdinalRidge,9.814616751876288,,,,,,,,,
0.01664557456970215,0.0007877576809724083,0.006598329544067383,0.000308774818406433,,{'model__alpha': np.float64(6.392467444733061)},0.0,0.0,-1.9082774049217006,-1.0353535353535355,0.0,-0.5887261880550472,0.7720734388378647,1,OrdinalRidge,6.392467444733061,,,,,,,,,
0.016987371444702148,0.003347520878251987,0.006903696060180664,0.0013785832260838438,,{'model__alpha': np.float64(8.212856146223407)},0.0,0.0,-1.9890628883917478,-1.0353535353535355,0.0,-0.6048832847490566,0.7998636354157308,31,OrdinalRidge,8.212856146223407,,,,,,,,,
0.017084932327270506,0.001664259523778218,0.007793283462524414,0.001566152490489118,,{'model__alpha': np.float64(1.6689454573360678)},0.0,0.0,-1.9486701466567244,-1.0791245791245792,0.0,-0.6055589451562607,0.7909888769695974,34,OrdinalRidge,1.6689454573360678,,,,,,,,,
0.020200300216674804,0.0025666149830106256,0.00787506103515625,0.0013272853271641305,,{'model__alpha': np.float64(4.546617404966533)},0.0,0.0,-1.9082774049217006,-1.0791245791245792,0.0,-0.5974803968092559,0.7773182602446401,21,OrdinalRidge,4.546617404966533,,,,,,,,,
0.01919703483581543,0.00029514380476263613,0.007628774642944336,0.0005469156452317992,,{'model__alpha': np.float64(4.369795504372803)},0.0,0.0,-1.9082774049217006,-1.0791245791245792,0.0,-0.5974803968092559,0.7773182602446401,21,OrdinalRidge,4.369795504372803,,,,,,,,,
0.020553731918334962,0.002907629808830058,0.007748126983642578,0.00113102056866788,,{'model__alpha': np.float64(3.9370048293747026)},0.0,0.0,-1.9082774049217006,-1.0791245791245792,0.0,-0.5974803968092559,0.7773182602446401,21,OrdinalRidge,3.9370048293747026,,,,,,,,,
0.02083425521850586,0.003278918776249479,0.008267688751220702,0.0014352073952141014,,{'model__alpha': np.float64(0.81500789653759)},0.0,0.0,-1.9890628883917478,-1.0791245791245792,0.0,-0.6136374935032654,0.8047516590953103,49,OrdinalRidge,0.81500789653759,,,,,,,,,
0.020773696899414062,0.0034523049948601003,0.008096790313720703,0.0009611450430510758,,{'model__alpha': np.float64(5.391541768148748)},0.0,0.0,-1.9082774049217006,-1.057239057239057,0.0,-0.5931032924321515,0.7746508246709789,2,OrdinalRidge,5.391541768148748,,,,,,,,,
0.018353748321533202,0.0028087264869525964,0.007804441452026367,0.0009937360556429948,,{'model__alpha': np.float64(1.1119883714890426)},0.0,0.0,-1.9486701466567244,-1.0791245791245792,0.0,-0.6055589451562607,0.7909888769695974,34,OrdinalRidge,1.1119883714890426,,,,,,,,,
0.019204998016357423,0.0006410387182390548,0.0077076911926269535,0.00028108078672980664,,{'model__alpha': np.float64(1.2913396696258221)},0.0,0.0,-1.9486701466567244,-1.0791245791245792,0.0,-0.6055589451562607,0.7909888769695974,34,OrdinalRidge,1.2913396696258221,,,,,,,,,
0.01938323974609375,0.002478359766909769,0.007864284515380859,0.0011511351148560847,,{'model__alpha': np.float64(4.584473925086193)},0.0,0.0,-1.9082774049217006,-1.0791245791245792,0.0,-0.5974803968092559,0.7773182602446401,21,OrdinalRidge,4.584473925086193,,,,,,,,,
0.02312760353088379,0.0032191459112507165,0.010255718231201172,0.003963371363159187,,{'model__alpha': np.float64(6.675341334133569)},0.0,0.0,-1.9486701466567244,-1.0353535353535355,0.0,-0.596804736402052,0.7859252911925652,14,OrdinalRidge,6.675341334133569,,,,,,,,,
0.025919342041015626,0.0014617198566550045,0.010431480407714844,0.0002380122250455113,,{'model__alpha': np.float64(3.8103514598655703)},0.0,0.0,-1.9082774049217006,-1.0791245791245792,0.0,-0.5974803968092559,0.7773182602446401,21,OrdinalRidge,3.8103514598655703,,,,,,,,,
0.023296308517456055,0.003273020939653911,0.01052398681640625,0.0024436643586550036,,{'model__alpha': np.float64(6.9478283814531725)},0.0,0.0,-1.9486701466567244,-1.0353535353535355,0.0,-0.596804736402052,0.7859252911925652,14,OrdinalRidge,6.9478283814531725,,,,,,,,,
0.025016307830810547,0.003200547743425036,0.009894180297851562,0.0005950784528672035,,{'model__alpha': np.float64(2.824302992149656)},0.0,0.0,-1.9082774049217006,-1.057239057239057,0.0,-0.5931032924321515,0.7746508246709789,2,OrdinalRidge,2.824302992149656,,,,,,,,,
0.02745952606201172,0.0013029557993284849,0.01217665672302246,0.0030197081517904685,,{'model__alpha': np.float64(2.848162974311744)},0.0,0.0,-1.9082774049217006,-1.057239057239057,0.0,-0.5931032924321515,0.7746508246709789,2,OrdinalRidge,2.848162974311744,,,,,,,,,
0.020699214935302735,0.003380878341330494,0.007444524765014648,0.0017770773494167021,,{'model__alpha': np.float64(8.65639198790168)},0.0,0.0,-1.9890628883917478,-1.057239057239057,0.0,-0.609260389126161,0.8022636087145232,41,OrdinalRidge,8.65639198790168,,,,,,,,,
0.051673173904418945,0.007642493015912751,0.008866691589355468,0.0015377879223620872,,{'model__alpha': np.float64(1.0110601640024457)},0.0,0.0,-2.1506338553318423,-1.0791245791245792,0.0,-0.6459516868912842,0.8606355707245459,47,LogisticAT,1.0110601640024457,,,,,,,,,
0.03816485404968262,0.008625660272624371,0.007590627670288086,0.0008866561818578998,,{'model__alpha': np.float64(3.5136936016468066)},0.0,0.0,-2.110241113596819,-0.9696969696969697,0.0,-0.6159876166587577,0.8362088317124072,14,LogisticAT,3.5136936016468066,,,,,,,,,
0.03152608871459961,0.003728655689646927,0.006490516662597656,0.0010077617719542913,,{'model__alpha': np.float64(3.5117466354829534)},0.0,0.0,-2.110241113596819,-0.9696969696969697,0.0,-0.6159876166587577,0.8362088317124072,14,LogisticAT,3.5117466354829534,,,,,,,,,
0.04013490676879883,0.008635323490358528,0.009669876098632813,0.0015587013358053833,,{'model__alpha': np.float64(6.908310538610678)},0.0,0.0,-2.069848371861795,-1.0134680134680134,0.0,-0.6166632770659617,0.8258355417894134,18,LogisticAT,6.908310538610678,,,,,,,,,
0.05464282035827637,0.004185546544115809,0.011708259582519531,0.0010366789764526775,,{'model__alpha': np.float64(6.433208351225111)},0.0,0.0,-2.069848371861795,-1.0134680134680134,0.0,-0.6166632770659617,0.8258355417894134,18,LogisticAT,6.433208351225111,,,,,,,,,
0.05711188316345215,0.005166608417719004,0.010020208358764649,0.0013476351349971535,,{'model__alpha': np.float64(4.9775749872732185)},0.0,0.0,-2.110241113596819,-1.0134680134680134,0.0,-0.6247418254129664,0.8400860943659901,28,LogisticAT,4.9775749872732185,,,,,,,,,
0.0468813419342041,0.013558675995929229,0.008512353897094727,0.001892307343739231,,{'model__alpha': np.float64(9.151125201939927)},0.0,0.0,-1.9486701466567244,-1.057239057239057,0.0,-0.6011818407791563,0.7884125488866595,8,LogisticAT,9.151125201939927,,,,,,,,,
0.038464927673339845,0.006359937377271422,0.008426666259765625,0.001339659862202747,,{'model__alpha': np.float64(5.726165405831337)},0.0,0.0,-2.110241113596819,-1.0134680134680134,0.0,-0.6247418254129664,0.8400860943659901,28,LogisticAT,5.726165405831337,,,,,,,,,
0.04279341697692871,0.0056827629609534,0.009294652938842773,0.0013462215551394386,,{'model__alpha': np.float64(6.268733342789286)},0.0,0.0,-2.069848371861795,-1.0134680134680134,0.0,-0.6166632770659617,0.8258355417894134,18,LogisticAT,6.268733342789286,,,,,,,,,
0.04629130363464355,0.005064356466559832,0.007802343368530274,0.0010899967354261815,,{'model__alpha': np.float64(1.560025518909947)},0.0,0.0,-2.1506338553318423,-1.0134680134680134,0.0,-0.6328203737599711,0.8544045021877819,43,LogisticAT,1.560025518909947,,,,,,,,,
0.053315162658691406,0.00784475605960523,0.009357643127441407,0.0011169727826737799,,{'model__alpha': np.float64(1.3269970177666217)},0.0,0.0,-2.1506338553318423,-1.0791245791245792,0.0,-0.6459516868912842,0.8606355707245459,47,LogisticAT,1.3269970177666217,,,,,,,,,
0.05330514907836914,0.002664766836553539,0.009304571151733398,0.00144652211995094,,{'model__alpha': np.float64(1.8581790025028082)},0.0,0.0,-2.1506338553318423,-0.9915824915824916,0.0,-0.6284432693828668,0.8524971675201406,41,LogisticAT,1.8581790025028082,,,,,,,,,
0.04436392784118652,0.005783482350659587,0.009201335906982421,0.0010944046405242393,,{'model__alpha': np.float64(7.149419465691964)},0.0,0.0,-2.069848371861795,-1.0134680134680134,0.0,-0.6166632770659617,0.8258355417894134,18,LogisticAT,7.149419465691964,,,,,,,,,
0.04417858123779297,0.003868035688204431,0.009044885635375977,0.0013570184436308237,,{'model__alpha': np.float64(2.9437607396783476)},0.0,0.0,-2.110241113596819,-0.9696969696969697,0.0,-0.6159876166587577,0.8362088317124072,14,LogisticAT,2.9437607396783476,,,,,,,,,
0.05050449371337891,0.006600450551678202,0.011468315124511718,0.0012288257655512535,,{'model__alpha': np.float64(4.669301179916834)},0.0,0.0,-2.110241113596819,-1.0134680134680134,0.0,-0.6247418254129664,0.8400860943659901,28,LogisticAT,4.669301179916834,,,,,,,,,
0.0448204517364502,0.007261290600005706,0.009293365478515624,0.0011635760207323335,,{'model__alpha': np.float64(7.865788165367869)},0.0,0.0,-2.0294556301267717,-1.057239057239057,0.0,-0.6173389374731657,0.8161994560403107,25,LogisticAT,7.865788165367869,,,,,,,,,
0.04529938697814941,0.004734421377168137,0.009570837020874023,0.0014124668083317093,,{'model__alpha': np.float64(8.507073192568685)},0.0,0.0,-1.9890628883917478,-1.057239057239057,0.0,-0.609260389126161,0.8022636087145232,10,LogisticAT,8.507073192568685,,,,,,,,,
0.046908903121948245,0.006626283591191283,0.00952448844909668,0.0013053710193916762,,{'model__alpha': np.float64(7.293102636904612)},0.0,0.0,-2.069848371861795,-1.0134680134680134,0.0,-0.6166632770659617,0.8258355417894134,18,LogisticAT,7.293102636904612,,,,,,,,,
0.047547435760498045,0.005028703072525224,0.010100936889648438,0.0006519716641506992,,{'model__alpha': np.float64(9.493795814715309)},0.0,0.0,-1.9082774049217006,-1.057239057239057,0.0,-0.5931032924321515,0.7746508246709789,4,LogisticAT,9.493795814715309,,,,,,,,,
0.041774559020996097,0.005113118860596461,0.00809326171875,0.000980154693620919,,{'model__alpha': np.float64(9.84543713006496)},0.0,0.0,-1.9082774049217006,-1.057239057239057,0.0,-0.5931032924321515,0.7746508246709789,4,LogisticAT,9.84543713006496,,,,,,,,,
0.040072059631347655,0.004413766432473299,0.009086084365844727,0.0011784078764885376,,{'model__alpha': np.float64(8.688643689588886)},0.0,0.0,-1.9890628883917478,-1.057239057239057,0.0,-0.609260389126161,0.8022636087145232,10,LogisticAT,8.688643689588886,,,,,,,,,
0.04015026092529297,0.00346487637893436,0.00821232795715332,0.0008246100920081297,,{'model__alpha': np.float64(5.966350282840595)},0.0,0.0,-2.069848371861795,-1.0134680134680134,0.0,-0.6166632770659617,0.8258355417894134,18,LogisticAT,5.966350282840595,,,,,,,,,
0.07019510269165039,0.02005089090670036,0.010515642166137696,0.00286496876735288,,{'model__alpha': np.float64(0.03391764736848148)},1.0,0.0,-2.069848371861795,-1.297979797979798,0.0,-0.47356563396831863,1.081452892185649,3,LogisticAT,0.03391764736848148,,,,,,,,,
0.06029977798461914,0.004985884943233986,0.0110015869140625,0.0003613034196914231,,{'model__alpha': np.float64(3.3484275241521106)},0.0,0.0,-2.110241113596819,-0.9696969696969697,0.0,-0.6159876166587577,0.8362088317124072,14,LogisticAT,3.3484275241521106,,,,,,,,,
0.05530366897583008,0.0031258604890719325,0.010223007202148438,0.0004543410088986769,,{'model__alpha': np.float64(8.069425030019014)},0.0,0.0,-2.0294556301267717,-1.057239057239057,0.0,-0.6173389374731657,0.8161994560403107,25,LogisticAT,8.069425030019014,,,,,,,,,
0.05346770286560058,0.009466160190884402,0.00984034538269043,0.0018370108143323895,,{'model__alpha': np.float64(5.8252432211660565)},0.0,0.0,-2.110241113596819,-1.0134680134680134,0.0,-0.6247418254129664,0.8400860943659901,28,LogisticAT,5.8252432211660565,,,,,,,,,
0.04079422950744629,0.007516351595818316,0.008182859420776368,0.0011146549591863947,,{'model__alpha': np.float64(9.674583138132261)},0.0,0.0,-1.9082774049217006,-1.057239057239057,0.0,-0.5931032924321515,0.7746508246709789,4,LogisticAT,9.674583138132261,,,,,,,,,
0.03929758071899414,0.00616091491931255,0.008058547973632812,0.0012340142694524305,,{'model__alpha': np.float64(8.762411895459746)},0.0,0.0,-1.9890628883917478,-1.057239057239057,0.0,-0.609260389126161,0.8022636087145232,10,LogisticAT,8.762411895459746,,,,,,,,,
0.03392601013183594,0.0024991146322862253,0.0072972774505615234,0.0008166824823958908,,{'model__alpha': np.float64(4.568267251763066)},0.0,0.0,-2.110241113596819,-1.0134680134680134,0.0,-0.6247418254129664,0.8400860943659901,28,LogisticAT,4.568267251763066,,,,,,,,,
0.04271197319030762,0.00772824125613003,0.00898585319519043,0.001295181553468344,,{'model__alpha': np.float64(4.993811886163341)},0.0,0.0,-2.110241113596819,-1.0134680134680134,0.0,-0.6247418254129664,0.8400860943659901,28,LogisticAT,4.993811886163341,,,,,,,,,
0.041684436798095706,0.002894296649716176,0.009729385375976562,0.001088687873260334,,{'model__alpha': np.float64(6.398612558993085)},0.0,0.0,-2.069848371861795,-1.0134680134680134,0.0,-0.6166632770659617,0.8258355417894134,18,LogisticAT,6.398612558993085,,,,,,,,,
0.04359493255615234,0.0025113181284044657,0.009003543853759765,0.0008789289920856399,,{'model__alpha': np.float64(4.814915816600488)},0.0,0.0,-2.110241113596819,-1.0134680134680134,0.0,-0.6247418254129664,0.8400860943659901,28,LogisticAT,4.814915816600488,,,,,,,,,
0.06782717704772949,0.015436958961897552,0.009287881851196288,0.0014371233756989364,,{'model__alpha': np.float64(0.21358481521197614)},1.0,0.0,-2.069848371861795,-1.2542087542087543,0.0,-0.4648114252141099,1.0749012584032953,2,LogisticAT,0.21358481521197614,,,,,,,,,
0.047800207138061525,0.002308256033859659,0.010231781005859374,0.0009637049126573839,,{'model__alpha': np.float64(8.799600726677614)},0.0,0.0,-1.9890628883917478,-1.057239057239057,0.0,-0.609260389126161,0.8022636087145232,10,LogisticAT,8.799600726677614,,,,,,,,,
0.05898990631103516,0.006930946921546067,0.009398746490478515,0.0013582956619128384,,{'model__alpha': np.float64(1.1381719526714578)},0.0,0.0,-2.1506338553318423,-1.1010101010101008,0.0,-0.6503287912683886,0.8628802394843399,49,LogisticAT,1.1381719526714578,,,,,,,,,
0.06097736358642578,0.011077059714000317,0.009085273742675782,0.0013873317030681106,,{'model__alpha': np.float64(0.2695922892433338)},1.0,0.0,-2.069848371861795,-1.2323232323232323,0.0,-0.4604343208370055,1.0717176878636772,1,LogisticAT,0.2695922892433338,,,,,,,,,
0.06272706985473633,0.002999584016033863,0.009482097625732423,0.0013877515722167996,,{'model__alpha': np.float64(0.9003859840927513)},0.0,0.0,-2.069848371861795,-1.1010101010101008,0.0,-0.6341716945743792,0.834940337273089,46,LogisticAT,0.9003859840927513,,,,,,,,,
0.04992671012878418,0.009441869787091928,0.009273576736450195,0.0016821535920375455,,{'model__alpha': np.float64(2.03959109259447)},0.0,0.0,-2.1506338553318423,-1.0134680134680134,0.0,-0.6328203737599711,0.8544045021877819,43,LogisticAT,2.03959109259447,,,,,,,,,
0.04829449653625488,0.0027686013794480965,0.00887608528137207,0.001296363940749946,,{'model__alpha': np.float64(4.406793317406274)},0.0,0.0,-2.1506338553318423,-1.0134680134680134,0.0,-0.6328203737599711,0.8544045021877819,43,LogisticAT,4.406793317406274,,,,,,,,,
0.05593194961547852,0.008391128218523568,0.009483909606933594,0.001282728458792717,,{'model__alpha': np.float64(0.37341147065202684)},0.0,0.0,-2.110241113596819,-1.2104377104377102,0.0,-0.6641357648069058,0.8617302870255588,50,LogisticAT,0.37341147065202684,,,,,,,,,
0.04288458824157715,0.008185836929497727,0.008380746841430664,0.0014245465577826092,,{'model__alpha': np.float64(5.08583334864354)},0.0,0.0,-2.110241113596819,-1.0134680134680134,0.0,-0.6247418254129664,0.8400860943659901,28,LogisticAT,5.08583334864354,,,,,,,,,
0.04826321601867676,0.004270653998752166,0.009017562866210938,0.0010053538411728727,,{'model__alpha': np.float64(4.085139938641969)},0.0,0.0,-2.110241113596819,-0.9915824915824916,0.0,-0.6203647210358622,0.8381039863403311,27,LogisticAT,4.085139938641969,,,,,,,,,
0.03897080421447754,0.005247145491576242,0.008865737915039062,0.001342383737598479,,{'model__alpha': np.float64(9.231151442142274)},0.0,0.0,-1.9486701466567244,-1.057239057239057,0.0,-0.6011818407791563,0.7884125488866595,8,LogisticAT,9.231151442142274,,,,,,,,,
0.04805202484130859,0.007433483879102406,0.009217357635498047,0.0009552812937009489,,{'model__alpha': np.float64(5.16122190958024)},0.0,0.0,-2.110241113596819,-1.0134680134680134,0.0,-0.6247418254129664,0.8400860943659901,28,LogisticAT,5.16122190958024,,,,,,,,,
0.042985057830810545,0.0042439285860523986,0.008515644073486327,0.0014496617814463541,,{'model__alpha': np.float64(9.45551564955353)},0.0,0.0,-1.9082774049217006,-1.057239057239057,0.0,-0.5931032924321515,0.7746508246709789,4,LogisticAT,9.45551564955353,,,,,,,,,
0.05050029754638672,0.005090946846137974,0.010633420944213868,0.0008291263840273055,,{'model__alpha': np.float64(2.544982861349096)},0.0,0.0,-2.1506338553318423,-0.9915824915824916,0.0,-0.6284432693828668,0.8524971675201406,41,LogisticAT,2.544982861349096,,,,,,,,,
0.05863237380981445,0.007438543048274607,0.011266040802001952,0.00039146359982994075,,{'model__alpha': np.float64(4.263789853590805)},0.0,0.0,-2.110241113596819,-1.0134680134680134,0.0,-0.6247418254129664,0.8400860943659901,28,LogisticAT,4.263789853590805,,,,,,,,,
0.057334184646606445,0.006673928202501655,0.011690139770507812,0.0010225983924581892,,{'model__alpha': np.float64(5.905486203618309)},0.0,0.0,-2.110241113596819,-1.0134680134680134,0.0,-0.6247418254129664,0.8400860943659901,28,LogisticAT,5.905486203618309,,,,,,,,,
0.053033638000488284,0.012160814426238915,0.009507036209106446,0.0014027942729291254,,{'model__alpha': np.float64(5.08976803650432)},0.0,0.0,-2.110241113596819,-1.0134680134680134,0.0,-0.6247418254129664,0.8400860943659901,28,LogisticAT,5.08976803650432,,,,,,,,,
0.03797106742858887,0.0068252688199134425,0.006724691390991211,0.0014797341933630952,,{'model__alpha': np.float64(5.325349526287523)},0.0,0.0,-2.110241113596819,-1.0134680134680134,0.0,-0.6247418254129664,0.8400860943659901,28,LogisticAT,5.325349526287523,,,,,,,,,
